<application>
  <component name="ProjectManager">
    <defaultProject>
      <component name="DefaultGradleProjectSettings">
        <option name="isMigrated" value="true" />
      </component>
      <component name="GradleLocalSettings">
        <option name="projectSyncType">
          <map>
            <entry key="$USER_HOME$/Documents/CSVProcessor" value="PREVIEW" />
            <entry key="$USER_HOME$/Documents/DataLendAPI" value="PREVIEW" />
            <entry key="$USER_HOME$/Documents/Microsoft/EnterpriseSmartContracts/samples/java/trade" value="PREVIEW" />
            <entry key="$USER_HOME$/Documents/Queueco" value="PREVIEW" />
            <entry key="$USER_HOME$/Documents/Tinder-java-web-version" value="PREVIEW" />
            <entry key="$USER_HOME$/Documents/blk.io/web3j" value="PREVIEW" />
            <entry key="$USER_HOME$/Documents/equilend-restservice" value="PREVIEW" />
            <entry key="$USER_HOME$/Documents/exthreesixty-loader" value="PREVIEW" />
            <entry key="$USER_HOME$/Documents/payment" value="PREVIEW" />
            <entry key="$USER_HOME$/Documents/scarlet" value="PREVIEW" />
            <entry key="$USER_HOME$/Documents/telecom" value="PREVIEW" />
            <entry key="$USER_HOME$/Documents/telecom2" value="PREVIEW" />
            <entry key="$USER_HOME$/Documents/threesixty-loader" value="PREVIEW" />
            <entry key="$USER_HOME$/Documents/web3Labs/libp2p" value="PREVIEW" />
            <entry key="$USER_HOME$/Downloads/JPA2Demo" value="PREVIEW" />
          </map>
        </option>
      </component>
      <component name="MavenImportPreferences">
        <option name="generalSettings">
          <MavenGeneralSettings>
            <option name="mavenHome" value="C:\Program Files\JetBrains\IntelliJ IDEA 2019.3.3\plugins\maven\lib\maven3" />
          </MavenGeneralSettings>
        </option>
      </component>
      <component name="PropertiesComponent">
        <property name="nodejs_interpreter_path.stuck_in_default_project" value="undefined stuck path" />
        <property name="nodejs_npm_path_reset_for_default_project" value="true" />
      </component>
      <component name="masterDetails">
        <states>
          <state key="ProjectJDKs.UI">
            <settings>
              <last-edited>1.8</last-edited>
              <splitter-proportions>
                <option name="proportions">
                  <list>
                    <option value="0.2" />
                  </list>
                </option>
              </splitter-proportions>
            </settings>
          </state>
        </states>
      </component>
    </defaultProject>
  </component>
</application>