<keymap version="1" name="Default for GNOME copy" parent="Default for GNOME">
  <action id="Back">
    <keyboard-shortcut first-keystroke="ctrl alt left" />
  </action>
  <action id="ChangesView.GroupBy.Module" />
  <action id="CloseContent">
    <keyboard-shortcut first-keystroke="ctrl f4" />
    <keyboard-shortcut first-keystroke="ctrl w" />
  </action>
  <action id="DecreaseColumnWidth" />
  <action id="Diff.NextChange" />
  <action id="Diff.PrevChange" />
  <action id="EditorAddOrRemoveCaret" />
  <action id="EditorCodeBlockEndWithSelection" />
  <action id="EditorDeleteLine">
    <keyboard-shortcut first-keystroke="ctrl back_space" />
  </action>
  <action id="EditorDeleteToWordStart" />
  <action id="EditorLineEnd">
    <keyboard-shortcut first-keystroke="end" />
    <keyboard-shortcut first-keystroke="ctrl right" />
  </action>
  <action id="EditorLineEndWithSelection">
    <keyboard-shortcut first-keystroke="shift end" />
    <keyboard-shortcut first-keystroke="shift ctrl right" />
  </action>
  <action id="EditorLineStart">
    <keyboard-shortcut first-keystroke="home" />
    <keyboard-shortcut first-keystroke="ctrl left" />
  </action>
  <action id="EditorLineStartWithSelection">
    <keyboard-shortcut first-keystroke="shift home" />
    <keyboard-shortcut first-keystroke="shift ctrl left" />
  </action>
  <action id="EditorNextWord">
    <keyboard-shortcut first-keystroke="alt right" />
  </action>
  <action id="EditorNextWordWithSelection">
    <keyboard-shortcut first-keystroke="shift alt right" />
  </action>
  <action id="EditorPreviousWord">
    <keyboard-shortcut first-keystroke="alt left" />
  </action>
  <action id="EditorPreviousWordWithSelection">
    <keyboard-shortcut first-keystroke="shift alt left" />
  </action>
  <action id="EditorSelectWord" />
  <action id="EvaluateExpression">
    <keyboard-shortcut first-keystroke="alt f8" />
    <mouse-shortcut keystroke="shift alt button1" />
  </action>
  <action id="ExtractMethod">
    <keyboard-shortcut first-keystroke="ctrl alt m" />
    <keyboard-shortcut first-keystroke="alt m" />
  </action>
  <action id="FileChooser.NewFolder">
    <keyboard-shortcut first-keystroke="alt insert" />
  </action>
  <action id="Forward">
    <keyboard-shortcut first-keystroke="ctrl alt right" />
  </action>
  <action id="Git.Pull">
    <keyboard-shortcut first-keystroke="alt p" />
  </action>
  <action id="GotoChangedFile" />
  <action id="GotoClass">
    <keyboard-shortcut first-keystroke="ctrl o" />
  </action>
  <action id="GotoFile">
    <keyboard-shortcut first-keystroke="shift ctrl o" />
  </action>
  <action id="GotoSymbol">
    <keyboard-shortcut first-keystroke="shift ctrl n" />
  </action>
  <action id="GuiDesigner.CreateListener" />
  <action id="IncreaseColumnWidth" />
  <action id="IncrementWindowWidth" />
  <action id="MethodHierarchy.OverrideMethodAction" />
  <action id="MoveLineDown">
    <keyboard-shortcut first-keystroke="shift alt down" />
  </action>
  <action id="MoveLineUp">
    <keyboard-shortcut first-keystroke="shift alt up" />
  </action>
  <action id="NewElementInMenuGroup">
    <keyboard-shortcut first-keystroke="ctrl n" />
  </action>
  <action id="NextEditorTab" />
  <action id="NextOccurence" />
  <action id="NextProjectWindow" />
  <action id="NextTab">
    <keyboard-shortcut first-keystroke="ctrl alt close_bracket" />
  </action>
  <action id="OverrideMethods" />
  <action id="PreviousEditorTab" />
  <action id="PreviousOccurence" />
  <action id="PreviousProjectWindow" />
  <action id="PreviousTab">
    <keyboard-shortcut first-keystroke="ctrl alt open_bracket" />
  </action>
  <action id="QuickEvaluateExpression">
    <mouse-shortcut keystroke="alt button1" />
  </action>
  <action id="ResizeToolWindowLeft" />
  <action id="ResizeToolWindowRight" />
  <action id="ShowProjectStructureSettings">
    <keyboard-shortcut first-keystroke="shift ctrl alt s" />
    <keyboard-shortcut first-keystroke="ctrl semicolon" />
  </action>
  <action id="ShowSettings">
    <keyboard-shortcut first-keystroke="ctrl comma" />
  </action>
  <action id="TodoViewGroupByShowModules" />
  <action id="Vcs.ToggleAmendCommitMode" />
</keymap>