<application>
  <component name="libraryTable">
    <library name="Python 3.6 (tensor) interpreter library">
      <CLASSES>
        <root url="file://$USER_HOME$/AppData/Local/Continuum/anaconda3/envs/tensor/DLLs" />
        <root url="file://$USER_HOME$/AppData/Local/Continuum/anaconda3/envs/tensor/Lib" />
        <root url="file://$USER_HOME$/AppData/Local/Continuum/anaconda3/envs/tensor/Lib/site-packages" />
        <root url="file://$USER_HOME$/.IntelliJIdea2019.1/system/python_stubs/-877244891" />
        <root url="file://$APPLICATION_PLUGINS_DIR$/python/helpers/python-skeletons" />
        <root url="file://$APPLICATION_PLUGINS_DIR$/python/helpers/typeshed/stdlib/3" />
        <root url="file://$APPLICATION_PLUGINS_DIR$/python/helpers/typeshed/stdlib/2and3" />
        <root url="file://$APPLICATION_PLUGINS_DIR$/python/helpers/typeshed/third_party/3" />
        <root url="file://$APPLICATION_PLUGINS_DIR$/python/helpers/typeshed/third_party/2and3" />
      </CLASSES>
      <JAVADOC />
      <SOURCES>
        <root url="file://$USER_HOME$/AppData/Local/Continuum/anaconda3/envs/tensor/DLLs" />
        <root url="file://$USER_HOME$/AppData/Local/Continuum/anaconda3/envs/tensor/Lib" />
        <root url="file://$USER_HOME$/AppData/Local/Continuum/anaconda3/envs/tensor/Lib/site-packages" />
        <root url="file://$USER_HOME$/.IntelliJIdea2019.1/system/python_stubs/-877244891" />
        <root url="file://$APPLICATION_PLUGINS_DIR$/python/helpers/python-skeletons" />
        <root url="file://$APPLICATION_PLUGINS_DIR$/python/helpers/typeshed/stdlib/3" />
        <root url="file://$APPLICATION_PLUGINS_DIR$/python/helpers/typeshed/stdlib/2and3" />
        <root url="file://$APPLICATION_PLUGINS_DIR$/python/helpers/typeshed/third_party/3" />
        <root url="file://$APPLICATION_PLUGINS_DIR$/python/helpers/typeshed/third_party/2and3" />
      </SOURCES>
    </library>
    <library name="Python 3.7 (dl1) interpreter library">
      <CLASSES>
        <root url="file://$USER_HOME$/AppData/Local/Continuum/anaconda3/DLLs" />
        <root url="file://$USER_HOME$/AppData/Local/Continuum/anaconda3/Lib" />
        <root url="file://$USER_HOME$/AppData/Local/Continuum/anaconda3/Lib/site-packages" />
        <root url="file://$USER_HOME$/AppData/Local/Continuum/anaconda3/Lib/site-packages/win32" />
        <root url="file://$USER_HOME$/AppData/Local/Continuum/anaconda3/Lib/site-packages/win32/lib" />
        <root url="file://$USER_HOME$/AppData/Local/Continuum/anaconda3/Lib/site-packages/pythonwin" />
        <root url="file://$USER_HOME$/.IntelliJIdea2019.2/system/python_stubs/387647629" />
        <root url="file://$APPLICATION_PLUGINS_DIR$/python/helpers/python-skeletons" />
        <root url="file://$APPLICATION_PLUGINS_DIR$/python/helpers/typeshed/stdlib/3" />
        <root url="file://$APPLICATION_PLUGINS_DIR$/python/helpers/typeshed/stdlib/2and3" />
        <root url="file://$APPLICATION_PLUGINS_DIR$/python/helpers/typeshed/third_party/3" />
        <root url="file://$APPLICATION_PLUGINS_DIR$/python/helpers/typeshed/third_party/2and3" />
      </CLASSES>
      <JAVADOC />
      <SOURCES>
        <root url="file://$USER_HOME$/AppData/Local/Continuum/anaconda3/DLLs" />
        <root url="file://$USER_HOME$/AppData/Local/Continuum/anaconda3/Lib" />
        <root url="file://$USER_HOME$/AppData/Local/Continuum/anaconda3/Lib/site-packages" />
        <root url="file://$USER_HOME$/AppData/Local/Continuum/anaconda3/Lib/site-packages/win32" />
        <root url="file://$USER_HOME$/AppData/Local/Continuum/anaconda3/Lib/site-packages/win32/lib" />
        <root url="file://$USER_HOME$/AppData/Local/Continuum/anaconda3/Lib/site-packages/pythonwin" />
        <root url="file://$USER_HOME$/.IntelliJIdea2019.2/system/python_stubs/387647629" />
        <root url="file://$APPLICATION_PLUGINS_DIR$/python/helpers/python-skeletons" />
        <root url="file://$APPLICATION_PLUGINS_DIR$/python/helpers/typeshed/stdlib/3" />
        <root url="file://$APPLICATION_PLUGINS_DIR$/python/helpers/typeshed/stdlib/2and3" />
        <root url="file://$APPLICATION_PLUGINS_DIR$/python/helpers/typeshed/third_party/3" />
        <root url="file://$APPLICATION_PLUGINS_DIR$/python/helpers/typeshed/third_party/2and3" />
      </SOURCES>
    </library>
  </component>
</application>